name,datetime,tempmax,tempmin,temp,feelslikemax,feelslikemin,feelslike,dew,humidity,precip,precipprob,precipcover,preciptype,snow,snowdepth,windgust,windspeed,winddir,sealevelpressure,cloudcover,visibility,solarradiation,solarenergy,uvindex,severerisk,sunrise,sunset,moonphase,conditions,description,icon,stations
"Астана, Қазақстан",2015-12-01,-0.8,-11,-6.7,-2.6,-16.7,-10.8,-8.6,86.6,0,0,0,snow,6,6.2,15.1,10.8,164.7,1028.4,12.3,10,51,4.3,2,,2015-12-01T08:55:08,2015-12-01T17:10:46,0.67,Clear,Clear conditions throughout the day.,clear-day,"35188099999,UACC"
"Астана, Қазақстан",2015-12-02,0.1,-11,-5.9,-1,-16.7,-9.5,-8.3,83.6,0,0,0,,0,6,16.6,10.8,124.3,1024,62.8,9.9,48.9,4.2,2,,2015-12-02T08:56:30,2015-12-02T17:10:10,0.7,Partially cloudy,Partly cloudy throughout the day.,partly-cloudy-day,"35188099999,UACC"
"Астана, Қазақстан",2015-12-03,0.2,-10,-5.2,-2.2,-16.6,-8.8,-7.6,83.9,0,0,0,,0,6.3,20.2,14.4,124.9,1020.3,74,10,43.8,3.8,2,,2015-12-03T08:57:52,2015-12-03T17:09:36,0.75,Partially cloudy,Partly cloudy throughout the day.,partly-cloudy-day,"35188099999,UACC"
"Астана, Қазақстан",2015-12-04,1.4,0,0.9,-1.5,-4.9,-3.4,0.1,94.3,0.4,100,4.17,"rain,snow",0,5.4,25.9,21.6,208.3,1013.1,99.3,6.3,16.2,1.4,1,,2015-12-04T08:59:11,2015-12-04T17:09:05,0.77,"Snow, Rain, Overcast",Cloudy skies throughout the day with afternoon rain or snow.,rain,"35188099999,UACC"
"Астана, Қазақстан",2015-12-05,-1.5,-7,-4,-6.4,-12.9,-9.3,-5.5,89.1,0.1,100,4.17,"rain,snow",0,4.1,29.2,21.6,261.7,1010.6,99.1,8.4,22,1.9,1,,2015-12-05T09:00:28,2015-12-05T17:08:38,0.8,"Snow, Rain, Overcast",Cloudy skies throughout the day with early morning snow or rain.,snow,"35188099999,UACC"
"Астана, Қазақстан",2015-12-06,-4,-9,-5.5,-9.9,-15.3,-12,-7.2,88.1,0.4,100,8.33,snow,0,4.2,35.3,28.8,231.9,1017.8,98,7.9,29,2.6,1,,2015-12-06T09:01:43,2015-12-06T17:08:14,0.83,"Snow, Overcast",Cloudy skies throughout the day with snow.,snow,"35188099999,UACC"
"Астана, Қазақстан",2015-12-07,-2,-4,-3.1,-8.7,-12.3,-10.5,-4.6,89.1,1.5,100,8.33,"rain,snow",0.7,5.9,54,39.6,213.2,1015.3,98.8,5.3,23.9,2,1,,2015-12-07T09:02:56,2015-12-07T17:07:53,0.86,"Snow, Rain, Overcast",Cloudy skies throughout the day with rain or snow.,snow,"35188099999,UACC"
"Астана, Қазақстан",2015-12-08,1.1,-2,-0.4,-5.5,-10.9,-8.4,-1.7,91.2,1.3,100,8.33,"rain,snow",2.1,5.9,81,64.8,212.4,995.1,100,5.4,12.2,1,1,,2015-12-08T09:04:06,2015-12-08T17:07:35,0.9,"Snow, Rain, Overcast",Cloudy skies throughout the day with rain or snow.,snow,"35188099999,UACC"
"Астана, Қазақстан",2015-12-09,1,-3,-0.7,-6.3,-9.8,-7.9,-3.2,83.6,2,100,8.33,"rain,snow",0.2,6.8,68.4,50.4,226.9,997,95.4,8,36.9,3.3,2,,2015-12-09T09:05:14,2015-12-09T17:07:21,0.93,"Snow, Rain, Overcast",Cloudy skies throughout the day with rain or snow.,snow,"35188099999,UACC"
"Астана, Қазақстан",2015-12-10,-4,-9,-6,-9.2,-17.5,-12.7,-7.6,88,0.1,100,4.17,snow,7,7.2,38.5,28.8,249.5,1015.3,95.4,9,29.7,2.5,1,,2015-12-10T09:06:20,2015-12-10T17:07:10,0.96,"Snow, Overcast",Cloudy skies throughout the day with early morning snow.,snow,"35188099999,UACC"
"Астана, Қазақстан",2015-12-11,-2,-11,-6,-9.2,-21.6,-14.4,-7.6,88.6,0,0,0,snow,0.5,7.5,61.2,46.8,220.7,1024.1,96.8,6,19.4,1.7,1,,2015-12-11T09:07:23,2015-12-11T17:07:02,0,Overcast,Cloudy skies throughout the day.,cloudy,"35188099999,UACC"
"Астана, Қазақстан",2015-12-12,-1.8,-3.8,-2.8,-8.6,-11.3,-10.2,-4.7,87.1,0,0,0,snow,0.3,7.8,54,46.8,242.7,1025.5,100,9.7,23.1,2,1,,2015-12-12T09:08:24,2015-12-12T17:06:58,0.03,Overcast,Cloudy skies throughout the day.,cloudy,"35188099999,UACC"
"Астана, Қазақстан",2015-12-13,-3,-9,-5.4,-9.5,-16.2,-12.7,-7.1,87.5,0,0,0,snow,7,7.1,39.6,39.6,232.6,1031.5,94.2,10,28.1,2.5,1,,2015-12-13T09:09:22,2015-12-13T17:06:57,0.06,Overcast,Cloudy skies throughout the day.,cloudy,"35188099999,UACC"
"Астана, Қазақстан",2015-12-14,-5,-13,-8.8,-10.4,-19.1,-15.3,-10.6,87,0,0,0,,0,7.1,33.8,21.6,191.2,1031.8,84.2,9.8,44.1,3.8,2,,2015-12-14T09:10:18,2015-12-14T17:06:59,0.1,Partially cloudy,Partly cloudy throughout the day.,partly-cloudy-day,"35188099999,UACC"
"Астана, Қазақстан",2015-12-15,-7.1,-14,-10.3,-10.7,-19,-15.9,-12.1,87,0,0,0,,0,6.7,34.6,25.2,190.8,1026.4,89.5,10,27.4,2.4,1,,2015-12-15T09:11:10,2015-12-15T17:07:05,0.14,Partially cloudy,Partly cloudy throughout the day.,partly-cloudy-day,"35188099999,UACC"
"Астана, Қазақстан",2015-12-16,-5,-14,-9.3,-10.8,-20.3,-15.2,-12,81,0,0,0,,0,6.4,36,39.6,176.5,1016.4,96.9,9.7,28,2.4,1,,2015-12-16T09:12:00,2015-12-16T17:07:14,0.17,Overcast,Cloudy skies throughout the day.,cloudy,"35188099999,UACC"
"Астана, Қазақстан",2015-12-17,-2,-6,-4.5,-10.3,-16,-13.2,-7,83.3,0.2,100,4.17,snow,0.1,6.4,59,46.8,219,1012.7,98.9,5.2,34.8,3,2,,2015-12-17T09:12:47,2015-12-17T17:07:26,0.21,"Snow, Overcast",Cloudy skies throughout the day with afternoon snow.,snow,"35188099999,UACC"
"Астана, Қазақстан",2015-12-18,-4.9,-12,-7.4,-12.2,-23.8,-16.4,-9.6,84.2,0.5,100,8.33,snow,0.3,6.8,68.4,50.4,203.8,1010.1,99.5,4.6,28.1,2.4,1,,2015-12-18T09:13:31,2015-12-18T17:07:42,0.25,"Snow, Overcast",Cloudy skies throughout the day with snow.,snow,"35188099999,UACC"
"Астана, Қазақстан",2015-12-19,-9,-19,-13.7,-17.8,-28.7,-24.3,-16.2,82,3,100,8.33,snow,1,9.7,64.8,43.2,241.3,1012.2,99.1,3.3,32.4,2.8,2,,2015-12-19T09:14:11,2015-12-19T17:08:01,0.28,"Snow, Overcast",Cloudy skies throughout the day with snow.,snow,"35188099999,UACC"
"Астана, Қазақстан",2015-12-20,-19.5,-24,-21.9,-26,-32.5,-30,-24.7,77.5,1,100,4.17,snow,0,9,23.8,14.4,223.2,1026.7,84.2,8.9,35.6,3.1,2,,2015-12-20T09:14:49,2015-12-20T17:08:23,0.31,"Snow, Partially cloudy",Partly cloudy throughout the day with early morning snow.,snow,"35188099999,UACC"
"Астана, Қазақстан",2015-12-21,-14.7,-25,-19.6,-18.9,-33.5,-26.7,-22.4,78.8,0.2,100,4.17,snow,0,8,22.7,14.4,179.8,1028.9,91.6,9.8,34.2,3,2,,2015-12-21T09:15:24,2015-12-21T17:08:49,0.35,"Snow, Overcast",Cloudy skies throughout the day with early morning snow.,snow,"35188099999,UACC"
"Астана, Қазақстан",2015-12-22,-5,-17,-11.3,-13.7,-25.2,-19.6,-13.8,81.7,0,0,0,,0,8,43.6,36,189.3,1020.1,96.4,9.3,39.6,3.4,2,,2015-12-22T09:15:55,2015-12-22T17:09:18,0.39,Overcast,Cloudy skies throughout the day.,cloudy,"35188099999,UACC"
"Астана, Қазақстан",2015-12-23,1,-4.7,-1.1,-5.4,-13,-9.1,-2,93.3,3.3,100,8.33,"rain,snow",4.1,9.2,72,54,218.3,1006.8,99.3,3.4,16.2,1.4,1,,2015-12-23T09:16:24,2015-12-23T17:09:50,0.42,"Snow, Rain, Overcast",Cloudy skies throughout the day with rain or snow.,snow,"35188099999,UACC"
"Астана, Қазақстан",2015-12-24,1.1,0,0.7,-4.2,-6.5,-5.7,-0.2,94.2,5.5,100,8.33,"rain,snow",0.6,10.6,61.2,46.8,235.1,1006.2,98.6,7.8,24.4,2.2,1,,2015-12-24T09:16:49,2015-12-24T17:10:26,0.46,"Snow, Rain, Overcast",Cloudy skies throughout the day with rain or snow.,snow,"35188099999,UACC"
"Астана, Қазақстан",2015-12-25,1,0,0.2,-4.8,-7.6,-6.3,-0.9,92.3,2.5,100,8.33,"rain,snow",0.7,12.1,54,43.2,202.5,1007.6,97.4,7.4,28.6,2.5,2,,2015-12-25T09:17:11,2015-12-25T17:11:04,0.5,"Snow, Rain, Overcast",Cloudy skies throughout the day with rain or snow.,snow,"35188099999,UACC"
"Астана, Қазақстан",2015-12-26,1.2,-1.1,0.3,-5,-9.5,-7.1,-1.6,87.2,4,100,8.33,"rain,snow",1.3,12.6,71.3,50.4,209,1004.1,99.3,9.1,32.9,2.7,2,,2015-12-26T09:17:30,2015-12-26T17:11:46,0.53,"Snow, Rain, Overcast",Cloudy skies throughout the day with rain or snow.,snow,"35188099999,UACC"
"Астана, Қазақстан",2015-12-27,-1.9,-5,-3.6,-8.6,-14.7,-11.7,-5.1,89.5,1.9,100,8.33,"rain,snow",0.5,13,64.8,46.8,226,1012.4,98.4,5.3,28.4,2.3,1,,2015-12-27T09:17:45,2015-12-27T17:12:31,0.56,"Snow, Rain, Overcast",Cloudy skies throughout the day with rain or snow.,snow,"35188099999,UACC"
"Астана, Қазақстан",2015-12-28,1.3,-5,-0.2,-2,-14.7,-6.5,-1.1,93.2,3,100,8.33,"rain,snow",1.7,15,64.8,50.4,205.4,1006.9,98.6,6.8,20,1.7,1,,2015-12-28T09:17:57,2015-12-28T17:13:19,0.59,"Snow, Rain, Overcast",Cloudy skies throughout the day with rain or snow.,snow,"35188099999,UACC"
"Астана, Қазақстан",2015-12-29,-4.8,-7,-5.7,-12.9,-18,-15.5,-7.2,89,4,100,8.33,snow,2.2,16,100.8,75.6,236.9,1004.7,94.5,2.1,27.2,2.2,1,,2015-12-29T09:18:06,2015-12-29T17:14:09,0.62,"Snow, Overcast",Cloudy skies throughout the day with snow.,snow,"35188099999,UACC"
"Астана, Қазақстан",2015-12-30,-6,-8,-7.2,-12.3,-15.9,-14.5,-9.9,81.3,4.3,100,8.33,snow,0.1,15.4,68.4,36,217.9,1021.1,98.1,8.5,41.4,3.5,2,,2015-12-30T09:18:11,2015-12-30T17:15:03,0.65,"Snow, Overcast",Cloudy skies throughout the day with snow.,snow,"35188099999,UACC"
"Астана, Қазақстан",2015-12-31,-7.7,-21,-17,-13.2,-30.8,-23,-19.3,82.4,0,0,0,,0,14.7,27,21.6,321.3,1024.8,81.5,7.5,35.6,3,2,,2015-12-31T09:18:13,2015-12-31T17:16:00,0.69,Partially cloudy,Partly cloudy throughout the day.,partly-cloudy-day,"35188099999,UACC"
"Астана, Қазақстан",2016-01-01,-16,-22,-18.4,-28,-32.4,-30.3,-20.9,80.1,0,0,0,snow,0.8,15.7,48.6,43.2,60.9,1023.2,91.3,5.2,25.5,2.3,1,,2016-01-01T09:18:12,2016-01-01T17:16:59,0.72,Overcast,Cloudy skies throughout the day.,cloudy,"35188099999,UACC"
"Астана, Қазақстан",2016-01-02,-14.9,-21,-17,-21.4,-31.2,-26.5,-19.8,79,2.8,100,8.33,snow,0.2,18.3,40,36,66.2,1026.5,82.7,5.4,36.2,3,2,,2016-01-02T09:18:08,2016-01-02T17:18:01,0.75,"Snow, Partially cloudy",Partly cloudy throughout the day with snow.,snow,"35188099999,UACC"
"Астана, Қазақстан",2016-01-03,-12,-22,-17.4,-21.3,-32.4,-28.3,-20,80.1,0.4,100,4.17,snow,17,17.4,43.2,36,67.1,1030.1,71.5,9.5,45.9,3.9,2,,2016-01-03T09:18:00,2016-01-03T17:19:06,0.78,"Snow, Partially cloudy",Partly cloudy throughout the day with early morning snow.,snow,"35188099999,UACC"
"Астана, Қазақстан",2016-01-04,-9,-16,-11.8,-14,-24.9,-18.5,-14.9,78.1,0,0,0,,0,17.3,34.9,25.2,74.8,1027.1,99.9,8.5,27.1,2.2,1,,2016-01-04T09:17:49,2016-01-04T17:20:13,0.81,Overcast,Cloudy skies throughout the day.,cloudy,"35188099999,UACC"
"Астана, Қазақстан",2016-01-05,-11,-17,-14.4,-12,-25.2,-21.1,-17,80.6,0.2,100,4.17,snow,2.4,19.1,29.9,21.6,52.2,1026.6,97.5,6.8,22.2,1.9,1,,2016-01-05T09:17:34,2016-01-05T17:21:23,0.85,"Snow, Overcast",Cloudy skies throughout the day with afternoon snow.,snow,"35188099999,UACC"
"Астана, Қазақстан",2016-01-06,-15.9,-24,-19.2,-21.9,-31.1,-27,-21.9,79,1.2,100,8.33,snow,0,20.1,20.5,21.6,226.7,1023.9,83.9,8.1,33.4,2.8,2,,2016-01-06T09:17:17,2016-01-06T17:22:35,0.88,"Snow, Partially cloudy",Partly cloudy throughout the day with snow.,snow,"35188099999,UACC"
"Астана, Қазақстан",2016-01-07,-18,-26,-22.9,-18.5,-33.8,-26.7,-25.7,77.6,0.2,100,4.17,snow,0,20,17.6,14.4,53.3,1021.9,73.1,6.8,37.6,3.1,2,,2016-01-07T09:16:56,2016-01-07T17:23:49,0.91,"Snow, Partially cloudy",Partly cloudy throughout the day with afternoon snow.,snow,"35188099999,UACC"
"Астана, Қазақстан",2016-01-08,-22,-29,-25.9,-29.9,-39.9,-34.8,-29.1,74.8,0,0,0,snow,18,18.8,13.7,14.4,53.3,1029.7,53.8,7.4,50.4,4.2,3,,2016-01-08T09:16:32,2016-01-08T17:25:06,0.94,Partially cloudy,Partly cloudy throughout the day.,partly-cloudy-day,"35188099999,UACC"
"Астана, Қазақстан",2016-01-09,-14.4,-29,-22.9,-21.4,-39.9,-32.2,-26.1,75.3,0,0,0,,0,18,23,25.2,79,1033.7,23.7,9.2,54.6,4.9,3,,2016-01-09T09:16:04,2016-01-09T17:26:25,0.97,Partially cloudy,Clearing in the afternoon.,partly-cloudy-day,"35188099999,UACC"
"Астана, Қазақстан",2016-01-10,-6.5,-20,-13.3,-12.2,-30.8,-20.9,-16.5,77,0,0,0,,0,17.6,32,28.8,111.8,1026.5,77.1,10,45,3.8,2,,2016-01-10T09:15:34,2016-01-10T17:27:46,0,Partially cloudy,Partly cloudy throughout the day.,partly-cloudy-day,"35188099999,UACC"
"Астана, Қазақстан",2016-01-11,1.3,-9,-2.8,-3.8,-15.3,-8.4,-6.1,77.7,0,0,0,,0,17.8,39.2,39.6,145.4,1014.5,99.1,9.2,24.5,2,1,,2016-01-11T09:15:00,2016-01-11T17:29:09,0.04,Overcast,Cloudy skies throughout the day.,cloudy,"35188099999,UACC"
"Астана, Қазақстан",2016-01-12,1.3,-8,-2.3,-4.9,-18,-10,-3.8,90,2.4,100,8.33,"rain,snow",0.6,18.6,68.4,46.8,209.6,1014.2,98.8,6.1,36.2,3.1,2,,2016-01-12T09:14:24,2016-01-12T17:30:34,0.08,"Snow, Rain, Overcast",Cloudy skies throughout the day with rain or snow.,snow,"35188099999,UACC"
"Астана, Қазақстан",2016-01-13,-8.8,-20,-14.6,-16.9,-28.9,-23.7,-16.7,83.9,0.9,100,8.33,snow,0.2,19.1,40,36,242.9,1023.2,85.1,7,39.6,3.3,2,,2016-01-13T09:13:44,2016-01-13T17:32:01,0.11,"Snow, Partially cloudy",Partly cloudy throughout the day with snow.,snow,"35188099999,UACC"
"Астана, Қазақстан",2016-01-14,-15.4,-23,-19.3,-16,-31.1,-23.9,-21.8,80.4,0.3,100,4.17,snow,16.6,17.3,17.6,14.4,230.9,1031.5,59.3,7.6,40.6,3.4,2,,2016-01-14T09:13:01,2016-01-14T17:33:30,0.15,"Snow, Partially cloudy",Partly cloudy throughout the day with early morning snow.,snow,"35188099999,UACC"
"Астана, Қазақстан",2016-01-15,-10.7,-23,-17.3,-17.8,-31.1,-24.6,-20.8,74.7,0,0,0,snow,0.4,16.9,26.3,25.2,103.4,1030.8,83.4,8.5,55.8,4.9,3,,2016-01-15T09:12:16,2016-01-15T17:35:00,0.19,Partially cloudy,Partly cloudy throughout the day.,partly-cloudy-day,"35188099999,UACC"
"Астана, Қазақстан",2016-01-16,-6,-14,-9.6,-12,-22.6,-17.1,-13.2,75.4,0,0,0,,0,18.5,31,25.2,120.1,1019.7,96,9.3,40.7,3.6,2,,2016-01-16T09:11:27,2016-01-16T17:36:32,0.22,Overcast,Cloudy skies throughout the day.,cloudy,"35188099999,UACC"
"Астана, Қазақстан",2016-01-17,-5,-19,-11,-9,-27.8,-19.6,-12.8,86.4,9,100,4.17,snow,4.7,24.2,30.6,36,226,1013.4,99.5,4.3,30.6,2.7,2,,2016-01-17T09:10:36,2016-01-17T17:38:06,0.25,"Snow, Overcast",Cloudy skies throughout the day with afternoon snow.,snow,"35188099999,UACC"
"Астана, Қазақстан",2016-01-18,-18.8,-27,-22.7,-22,-33.9,-28.8,-26.1,73.9,2,100,4.17,snow,23,24.1,17.6,18,39,1033.8,63,8.3,59.3,5.1,3,,2016-01-18T09:09:42,2016-01-18T17:39:40,0.29,"Snow, Partially cloudy",Partly cloudy throughout the day with early morning snow.,snow,"35188099999,UACC"
"Астана, Қазақстан",2016-01-19,-19.4,-30,-25.4,-24,-38.7,-31.5,-29.1,71.7,0.4,100,4.17,snow,0,23,19.1,18,86.2,1041.9,28.9,7.3,62.3,5.5,3,,2016-01-19T09:08:45,2016-01-19T17:41:17,0.33,"Snow, Partially cloudy",Partly cloudy throughout the day with early morning snow.,snow,"35188099999,UACC"
"Астана, Қазақстан",2016-01-20,-15.5,-29,-23.1,-22.8,-41,-32.7,-26.9,71.3,0,0,0,,0,22.8,27.4,25.2,98.3,1041.2,0,9.7,72.5,6.2,3,,2016-01-20T09:07:45,2016-01-20T17:42:54,0.36,Clear,Clear conditions throughout the day.,clear-day,"35188099999,UACC"
"Астана, Қазақстан",2016-01-21,-9.7,-21,-16.6,-14.5,-31.6,-24.5,-21.1,68.8,0,0,0,,0,22.1,26.3,25.2,110.5,1040.4,25.3,10,73.5,6.2,3,,2016-01-21T09:06:43,2016-01-21T17:44:33,0.4,Partially cloudy,Partly cloudy throughout the day.,partly-cloudy-day,"35188099999,UACC"
"Астана, Қазақстан",2016-01-22,-7.6,-19,-14.2,-11.3,-27.6,-20.6,-18.9,68.1,0,0,0,,0,22,23.4,21.6,83.2,1040.7,99.8,9.7,52.6,4.5,2,,2016-01-22T09:05:38,2016-01-22T17:46:12,0.43,Overcast,Cloudy skies throughout the day.,cloudy,"35188099999,UACC"
"Астана, Қазақстан",2016-01-23,-12.8,-21,-16.3,-20.3,-32.1,-25.9,-20.3,71.1,0,0,0,,0,22,38.9,28.8,60.2,1039.4,95.9,10,61.4,5.4,3,,2016-01-23T09:04:30,2016-01-23T17:47:53,0.47,Overcast,Cloudy skies throughout the day.,cloudy,"35188099999,UACC"
"Астана, Қазақстан",2016-01-24,-6.4,-19,-14.7,-10.5,-28.7,-22.7,-19.2,69.4,0,0,0,,0,21.8,35.3,25.2,87,1033.5,25,9.8,75,6.5,3,,2016-01-24T09:03:20,2016-01-24T17:49:35,0.5,Partially cloudy,Partly cloudy throughout the day.,partly-cloudy-day,"35188099999,UACC"
"Астана, Қазақстан",2016-01-25,-13.4,-22,-18.1,-19.6,-33.4,-26.4,-21.4,75.2,0,0,0,,0,21.1,27.7,21.6,81.6,1026,6,9.3,76.8,6.7,3,,2016-01-25T09:02:08,2016-01-25T17:51:17,0.54,Clear,Clear conditions throughout the day.,clear-day,"35188099999,UACC"
"Астана, Қазақстан",2016-01-26,-10.9,-21,-16.9,-18,-32.9,-25.3,-21,70.7,0,0,0,,0,21,34.6,25.2,74.8,1020.9,17,9.5,79.3,6.9,4,,2016-01-26T09:00:53,2016-01-26T17:53:01,0.57,Clear,Clear conditions throughout the day.,clear-day,"35188099999,UACC"
"Астана, Қазақстан",2016-01-27,-13.1,-25,-20.7,-19.1,-34.9,-29.4,-24.7,70.9,0,0,0,,0,23.1,29.5,18,86.4,1019.3,23.2,9.7,79.5,6.7,4,,2016-01-27T08:59:35,2016-01-27T17:54:45,0.6,Partially cloudy,Partly cloudy throughout the day.,partly-cloudy-day,"35188099999,UACC"
"Астана, Қазақстан",2016-01-28,-7.7,-22,-11.6,-8.8,-30.1,-17.8,-14.1,81.4,0.3,100,4.17,snow,0.1,24.8,22.7,25.2,208.7,1021.3,88.2,7.4,41.7,3.7,2,,2016-01-28T08:58:16,2016-01-28T17:56:30,0.63,"Snow, Partially cloudy",Partly cloudy throughout the day with afternoon snow.,snow,"35188099999,UACC"
"Астана, Қазақстан",2016-01-29,-11,-23,-16.7,-15.6,-27.5,-20.1,-19.2,81,0.5,100,8.33,snow,0,25.3,16.9,10.8,186.2,1028.8,67.3,7.3,46.5,4.1,2,,2016-01-29T08:56:54,2016-01-29T17:58:15,0.67,"Snow, Partially cloudy",Partly cloudy throughout the day with snow.,snow,"35188099999,UACC"
"Астана, Қазақстан",2016-01-30,-11.7,-24,-17.5,-11.7,-31.1,-23,-20.4,78.5,0,0,0,,0,25.5,20.2,14.4,123.8,1029.8,80,7.7,53.2,4.7,2,,2016-01-30T08:55:30,2016-01-30T18:00:01,0.7,Partially cloudy,Partly cloudy throughout the day.,partly-cloudy-day,"35188099999,UACC"
"Астана, Қазақстан",2016-01-31,-4,-18,-9.7,-9.9,-25.1,-16.5,-11.3,88,0,0,0,snow,0.4,25.8,37.4,32.4,171.6,1024.5,80,6.7,50.7,4.5,2,,2016-01-31T08:54:04,2016-01-31T18:01:48,0.73,Partially cloudy,Partly cloudy throughout the day.,partly-cloudy-day,"35188099999,UACC"
"Астана, Қазақстан",2016-02-01,-3.7,-11,-6.2,-8.1,-15.3,-11.2,-7.5,90.2,2.8,100,8.33,snow,0,26.4,24.5,21.6,206.1,1023.4,99.5,7.7,55.1,4.7,3,,2016-02-01T08:52:36,2016-02-01T18:03:34,0.75,"Snow, Overcast",Cloudy skies throughout the day with snow.,snow,"35188099999,UACC"
"Астана, Қазақстан",2016-02-02,-9.1,-16,-11.9,-11.6,-21.5,-15.7,-13.5,87.6,0.3,100,4.17,snow,0,26.8,10.8,10.8,171.2,1031.2,98.4,6.2,47.9,4.1,2,,2016-02-02T08:51:05,2016-02-02T18:05:22,0.8,"Snow, Overcast",Cloudy skies throughout the day with early morning snow.,snow,"35188099999,UACC"
"Астана, Қазақстан",2016-02-03,-10,-23,-16.2,-15.8,-31.1,-22.1,-18.6,82.2,0,0,0,,0,26.4,31.3,25.2,151.9,1034.1,74.6,8.9,84.2,7.2,4,,2016-02-03T08:49:33,2016-02-03T18:07:09,0.83,Partially cloudy,Partly cloudy throughout the day.,partly-cloudy-day,"35188099999,UACC"
"Астана, Қазақстан",2016-02-04,-3,-15,-8.2,-12.2,-22.7,-17.3,-10.5,83.6,0,0,0,snow,0.1,26.9,64.8,54,192.6,1021.5,94.5,7.6,64.3,5.5,3,,2016-02-04T08:47:59,2016-02-04T18:08:57,0.86,Overcast,Cloudy skies throughout the day.,wind,"35188099999,UACC"
"Астана, Қазақстан",2016-02-05,0,-2,-0.4,-5.2,-11.4,-7.6,-1.7,91.7,1.5,100,8.33,"rain,snow",1.5,27.4,57.6,57.6,227.2,1020.6,98.2,6.5,54.4,4.9,3,,2016-02-05T08:46:23,2016-02-05T18:10:45,0.89,"Snow, Rain, Overcast",Cloudy skies throughout the day with rain or snow.,snow,"35188099999,UACC"
"Астана, Қазақстан",2016-02-06,1,-3,-1.2,-6,-11.3,-8.4,-4.3,79.9,0,0,0,"rain,snow",0.1,27.6,68.4,50.4,211.2,1020.9,83.9,9.5,87,7.5,4,,2016-02-06T08:44:45,2016-02-06T18:12:33,0.92,Partially cloudy,Partly cloudy throughout the day.,wind,"35188099999,UACC"
"Астана, Қазақстан",2016-02-07,1.7,-4,-1.6,-3.5,-9.9,-7.8,-5.3,75.8,0,0,0,,0,27.3,40,36,200.2,1010.3,97.1,10,77.6,6.8,4,,2016-02-07T08:43:05,2016-02-07T18:14:22,0.96,Overcast,Cloudy skies throughout the day.,cloudy,"35188099999,UACC"
"Астана, Қазақстан",2016-02-08,-1,-10,-3.8,-4.6,-14.9,-8.7,-5.2,89.7,0.4,100,4.17,snow,0.5,28,29.9,28.8,319,1008.5,97.1,6.2,35.3,3,1,,2016-02-08T08:41:24,2016-02-08T18:16:10,0,"Snow, Overcast",Cloudy skies throughout the day with afternoon snow.,snow,"35188099999,UACC"
"Астана, Қазақстан",2016-02-09,-11.4,-20,-14.7,-15.7,-27.6,-21.7,-16.8,83.7,0.9,100,8.33,snow,0,28.6,36.7,18,275.6,1023.8,73.5,8.5,69.2,5.9,3,,2016-02-09T08:39:41,2016-02-09T18:17:59,0.02,"Snow, Partially cloudy",Partly cloudy throughout the day with snow.,snow,"35188099999,UACC"
"Астана, Қазақстан",2016-02-10,-17.7,-26,-21.5,-24.5,-33.8,-28.8,-24.4,77.7,0,0,0,,0,28.9,25.2,14.4,222.1,1037.9,49.5,8.7,77.7,6.7,3,,2016-02-10T08:37:56,2016-02-10T18:19:47,0.06,Partially cloudy,Partly cloudy throughout the day.,partly-cloudy-day,"35188099999,UACC"
"Астана, Қазақстан",2016-02-11,-11,-24,-15.5,-20.3,-32.4,-24.9,-18.5,77.8,0,0,0,,0,29.2,42.5,36,217.5,1039.5,84,9.5,66.8,5.7,3,,2016-02-11T08:36:10,2016-02-11T18:21:36,0.09,Partially cloudy,Partly cloudy throughout the day.,partly-cloudy-day,"35188099999,UACC"
"Астана, Қазақстан",2016-02-12,-10,-15,-12,-14.1,-23.9,-20,-14.6,81.3,0.2,100,4.17,snow,1,29.1,35.6,28.8,220.4,1032.6,98.8,5.7,57,4.9,2,,2016-02-12T08:34:23,2016-02-12T18:23:24,0.13,"Snow, Overcast",Cloudy skies throughout the day with afternoon snow.,snow,"35188099999,UACC"
"Астана, Қазақстан",2016-02-13,-8.7,-17,-12.1,-13.9,-25.2,-18.7,-14.5,82.1,4,100,8.33,snow,0.1,30.5,16.2,18,147.3,1032.5,80.9,8.3,97.5,8.3,4,,2016-02-13T08:32:33,2016-02-13T18:25:13,0.16,"Snow, Partially cloudy",Partly cloudy throughout the day with snow.,snow,"35188099999,UACC"
"Астана, Қазақстан",2016-02-14,-8.4,-18,-14.2,-12.2,-26.2,-21.2,-18.2,72.1,0,0,0,snow,28.9,29.3,27,25.2,81.8,1033.5,85,10,107.4,9.2,4,,2016-02-14T08:30:43,2016-02-14T18:27:01,0.2,Partially cloudy,Partly cloudy throughout the day.,partly-cloudy-day,"35188099999,UACC"
"Астана, Қазақстан",2016-02-15,-12,-23,-17.7,-17.9,-32.5,-25.8,-20.8,77,0,0,0,,0,29.2,30.6,21.6,63.5,1032.1,71.1,9.6,95.4,8.2,4,,2016-02-15T08:28:51,2016-02-15T18:28:49,0.25,Partially cloudy,Partly cloudy throughout the day.,partly-cloudy-day,"35188099999,UACC"
"Астана, Қазақстан",2016-02-16,-12.2,-20,-16.3,-17.4,-29.9,-23.7,-18.7,81.4,0,0,0,,0,30.1,32,18,41.6,1034.6,67.3,8.2,72.8,6.2,3,,2016-02-16T08:26:57,2016-02-16T18:30:37,0.27,Partially cloudy,Partly cloudy throughout the day.,partly-cloudy-day,"35188099999,UACC"
"Астана, Қазақстан",2016-02-17,-14.6,-22,-18.8,-16.6,-28.9,-22.4,-21.6,78.7,0,0,0,snow,27,28.1,21.6,14.4,163.5,1041.6,70.3,5.3,113.4,9.7,4,,2016-02-17T08:25:03,2016-02-17T18:32:25,0.31,Partially cloudy,Partly cloudy throughout the day.,partly-cloudy-day,"35188099999,UACC"
"Астана, Қазақстан",2016-02-18,-8.1,-23,-16.1,-13.2,-31.1,-22.7,-19.7,74.4,0,0,0,,0,27,27.4,21.6,147.1,1041.3,4.4,10,122.9,10.5,5,,2016-02-18T08:23:07,2016-02-18T18:34:12,0.34,Clear,Clear conditions throughout the day.,clear-day,"35188099999,UACC"
"Астана, Қазақстан",2016-02-19,-8.2,-22,-16,-13.3,-32.4,-22.7,-19.4,75.3,0,0,0,,0,26.8,25.9,18,81.9,1037.5,24,9.7,124.4,10.9,5,,2016-02-19T08:21:10,2016-02-19T18:36:00,0.38,Partially cloudy,Partly cloudy throughout the day.,partly-cloudy-day,"35188099999,UACC"
"Астана, Қазақстан",2016-02-20,-4.4,-21,-14.8,-8.3,-28.9,-20.7,-18.3,75.5,0,0,0,,0,26.1,19.1,18,78.7,1034,10.9,9.1,123.4,10.9,5,,2016-02-20T08:19:12,2016-02-20T18:37:47,0.41,Clear,Clear conditions throughout the day.,clear-day,"35188099999,UACC"
"Астана, Қазақстан",2016-02-21,-5.1,-20,-14.6,-8,-29.9,-21.2,-18.3,74.1,0,0,0,,0,26,14.8,18,95.4,1033.2,0.7,9.3,129.2,11.2,5,,2016-02-21T08:17:12,2016-02-21T18:39:34,0.45,Clear,Clear conditions throughout the day.,clear-day,"35188099999,UACC"
"Астана, Қазақстан",2016-02-22,-5.2,-20,-14.6,-9.7,-27.6,-20.2,-18.4,73.6,0,0,0,snow,0.6,26.2,19.4,14.4,150.9,1035.4,2.8,10,131,11.3,5,,2016-02-22T08:15:12,2016-02-22T18:41:21,0.48,Clear,Clear conditions throughout the day.,clear-day,"35188099999,UACC"
"Астана, Қазақстан",2016-02-23,-3,-21,-10.7,-7.9,-26.9,-16.6,-14.5,74.5,0,0,0,snow,0.4,26.9,29.5,28.8,177.1,1034.6,60.4,9.9,111.3,9.7,4,,2016-02-23T08:13:11,2016-02-23T18:43:07,0.5,Partially cloudy,Partly cloudy throughout the day.,partly-cloudy-day,"35188099999,UACC"
"Астана, Қазақстан",2016-02-24,1,-6,-2.2,-3.9,-11.2,-7.4,-5.3,79.6,0,0,0,,0,26.6,32,28.8,201.4,1028.1,60,10,125.8,10.8,5,,2016-02-24T08:11:08,2016-02-24T18:44:53,0.55,Partially cloudy,Partly cloudy throughout the day.,partly-cloudy-day,"35188099999,UACC"
"Астана, Қазақстан",2016-02-25,4.1,-7,-2.1,0.7,-12.9,-6.5,-6,75.2,0,0,0,,0,24.7,26.3,21.6,184.3,1026.6,69.5,10,130.1,11.3,5,,2016-02-25T08:09:05,2016-02-25T18:46:39,0.58,Partially cloudy,Partly cloudy throughout the day.,partly-cloudy-day,"35188099999,UACC"
"Астана, Қазақстан",2016-02-26,5.5,-7,-0.4,2.7,-11.7,-4.3,-5.6,68.7,0,0,0,,0,24.3,36.4,43.2,160.2,1019.5,35.5,10,137.5,12,5,,2016-02-26T08:07:00,2016-02-26T18:48:25,0.61,Partially cloudy,Partly cloudy throughout the day.,partly-cloudy-day,"35188099999,UACC"
"Астана, Қазақстан",2016-02-27,2.2,-1,1,-3.1,-6,-4.3,0.4,95.6,0,0,0,,0,18.2,43.9,39.6,233.7,1024.8,100,5.5,55,4.8,2,,2016-02-27T08:04:55,2016-02-27T18:50:10,0.65,Overcast,Cloudy skies throughout the day.,cloudy,"35188099999,UACC"
"Астана, Қазақстан",2016-02-28,0,-4,-1.8,-3,-7.1,-5,-2.8,93.2,0,0,0,,0,15.1,19.4,21.6,201.6,1036.2,100,5.1,119,10.4,5,,2016-02-28T08:02:49,2016-02-28T18:51:55,0.68,Overcast,Cloudy skies throughout the day.,cloudy,"35188099999,UACC"
"Астана, Қазақстан",2016-02-29,-1.1,-3.1,-2.3,-2,-8,-6.2,-3.1,94.3,0,0,0,,0,15.3,15.1,21.6,198.8,1029.5,98.7,5.1,90.6,7.8,3,,2016-02-29T08:00:43,2016-02-29T18:53:40,0.71,Overcast,Cloudy skies throughout the day.,cloudy,"35188099999,UACC"
"Астана, Қазақстан",2016-03-01,-1.8,-5,-3.1,-3,-11.2,-7.5,-4.3,91.5,0,0,0,,0,16.5,29.2,18,280.7,1019.4,100,7.4,70.5,6.1,3,,2016-03-01T07:58:35,2016-03-01T18:55:25,0.74,Overcast,Cloudy skies throughout the day.,cloudy,"35188099999,UACC"
"Астана, Қазақстан",2016-03-02,-3,-10,-5.3,-9.1,-17.4,-12.6,-7,87.7,0.7,100,4.17,snow,0,17.8,54,36,277.6,1022.2,73.5,8.3,119.5,10.3,5,,2016-03-02T07:56:27,2016-03-02T18:57:09,0.75,"Snow, Partially cloudy",Partly cloudy throughout the day with afternoon snow.,snow,"35188099999,UACC"
"Астана, Қазақстан",2016-03-03,-6,-17,-10.4,-11,-23.9,-16.4,-12.8,83,0,0,0,,0,17.7,26.6,21.6,201,1038.8,70.9,9.8,125.6,10.8,5,,2016-03-03T07:54:18,2016-03-03T18:58:53,0.81,Partially cloudy,Partly cloudy throughout the day.,partly-cloudy-day,"35188099999,UACC"
"Астана, Қазақстан",2016-03-04,-1,-8,-5.1,-5.7,-14.9,-10.7,-9,74.1,0,0,0,,0,17.4,31.3,25.2,192.7,1028.4,93.1,10,128.9,11.1,5,,2016-03-04T07:52:08,2016-03-04T19:00:36,0.84,Overcast,Cloudy skies throughout the day.,cloudy,"35188099999,UACC"
"Астана, Қазақстан",2016-03-05,0,-12,-5.1,-5.3,-17.9,-10,-7.7,82.4,0,0,0,snow,15,15.8,35.3,36,87.1,1024.2,69.4,9.9,120,10.3,4,,2016-03-05T07:49:58,2016-03-05T19:02:20,0.87,Partially cloudy,Partly cloudy throughout the day.,partly-cloudy-day,"35188099999,UACC"
"Астана, Қазақстан",2016-03-06,0,-5,-2.3,-6.7,-13.3,-9.5,-5.1,81.5,0,0,0,,0,15,54,43.2,90.3,1024.8,93.3,9.7,97.5,8.3,4,,2016-03-06T07:47:48,2016-03-06T19:04:03,0.91,Overcast,Cloudy skies throughout the day.,cloudy,"35188099999,UACC"
"Астана, Қазақстан",2016-03-07,-1.5,-7,-4,-7.8,-15.9,-11.8,-10,63.6,0,0,0,,0,14.4,57.6,46.8,96.9,1029.8,87.4,10,153.4,13.2,6,,2016-03-07T07:45:36,2016-03-07T19:05:46,0.94,Partially cloudy,Partly cloudy throughout the day.,partly-cloudy-day,"35188099999,UACC"
"Астана, Қазақстан",2016-03-08,0.2,-9,-5.1,-4.4,-17.2,-12,-11.4,61.8,0,0,0,,0,12,40,36,101.7,1031.4,89.8,10,154.7,13.4,6,,2016-03-08T07:43:25,2016-03-08T19:07:28,0.97,Partially cloudy,Partly cloudy throughout the day.,partly-cloudy-day,"35188099999,UACC"
"Астана, Қазақстан",2016-03-09,2.3,-12,-4.7,-0.2,-19,-9.2,-9.3,70.9,0,0,0,,0,10.6,22,14.4,109,1026.9,70.5,9.8,158.8,13.6,5,,2016-03-09T07:41:12,2016-03-09T19:09:11,0,Partially cloudy,Partly cloudy throughout the day.,partly-cloudy-day,"35188099999,UACC"
"Астана, Қазақстан",2016-03-10,-0.4,-7,-3.6,-4.4,-13.7,-8.4,-6.4,81.2,0,0,0,,0,8.9,26.3,21.6,69.6,1025.2,41.2,9.4,171.7,14.8,6,,2016-03-10T07:39:00,2016-03-10T19:10:53,0.04,Partially cloudy,Clearing in the afternoon.,partly-cloudy-day,"35188099999,UACC"
"Астана, Қазақстан",2016-03-11,2.5,-11,-4.9,-0.1,-17.8,-10,-7.5,83,0,0,0,,0,7.4,26.6,18,77.3,1026.8,2.4,10,170.2,14.7,6,,2016-03-11T07:36:47,2016-03-11T19:12:34,0.08,Clear,Clear conditions throughout the day.,clear-day,"35188099999,UACC"
"Астана, Қазақстан",2016-03-12,2.9,-10,-3.5,-0.4,-15.5,-7.5,-7.5,75.1,0,0,0,,0,5.2,22.3,14.4,140.9,1018.7,20.9,9.9,180,15.6,6,,2016-03-12T07:34:33,2016-03-12T19:14:16,0.11,Partially cloudy,Partly cloudy throughout the day.,partly-cloudy-day,"35188099999,UACC"
"Астана, Қазақстан",2016-03-13,1.3,-5,-1.2,-3.8,-10.5,-7.1,-3.3,85.9,0,0,0,,0,6,68.4,46.8,216.3,1004.2,76.7,8.5,78,6.8,3,,2016-03-13T07:32:19,2016-03-13T19:15:57,0.14,Partially cloudy,Partly cloudy throughout the day.,partly-cloudy-day,"35188099999,UACC"
"Астана, Қазақстан",2016-03-14,0.1,-4.7,-2.4,-4.9,-11.1,-8.2,-4.8,84,2,100,4.17,"rain,snow",0,5.5,50.4,32.4,251,1011.9,94.9,8.4,104.7,9,4,,2016-03-14T07:30:05,2016-03-14T19:17:39,0.18,"Snow, Rain, Overcast",Cloudy skies throughout the day with early morning snow or rain.,rain,"35188099999,UACC"
"Астана, Қазақстан",2016-03-15,-1,-6,-3.5,-3.1,-9.5,-6.4,-5.3,87.9,0,0,0,,0,5,18,14.4,142.2,1016.7,93.8,7.2,120,10.3,5,,2016-03-15T07:27:51,2016-03-15T19:19:20,0.25,Overcast,Cloudy skies throughout the day.,cloudy,"35188099999,UACC"
"Астана, Қазақстан",2016-03-16,2,-4,-0.9,-4,-11.6,-7.1,-2.3,89.5,0.7,100,4.17,"rain,snow",0.5,5,79.2,61.2,178.6,998.4,96.2,8.3,57.2,4.8,3,,2016-03-16T07:25:36,2016-03-16T19:21:00,0.25,"Snow, Rain, Overcast",Cloudy skies throughout the day with afternoon rain or snow.,snow,"35188099999,UACC"
"Астана, Қазақстан",2016-03-17,-0.6,-5,-2.8,-7.3,-14,-11.2,-5.5,81.9,6,100,4.17,"rain,snow",0.1,6.1,71.8,54,219.2,993.9,87.6,7.4,172.8,14.9,6,,2016-03-17T07:23:22,2016-03-17T19:22:41,0.28,"Snow, Rain, Partially cloudy",Partly cloudy throughout the day with early morning snow or rain.,snow,"35188099999,UACC"
"Астана, Қазақстан",2016-03-18,0.2,-4,-1.7,-5.7,-12.5,-9.1,-4.4,82.4,0.8,100,8.33,"rain,snow",0.5,6.2,72,54,223.2,1003.1,87.8,6.1,160.6,13.7,6,,2016-03-18T07:21:07,2016-03-18T19:24:21,0.32,"Snow, Rain, Partially cloudy",Partly cloudy throughout the day with rain or snow.,snow,"35188099999,UACC"
"Астана, Қазақстан",2016-03-19,2.1,-5,-1,-3.4,-12.3,-7.6,-3.5,83.6,0,0,0,,0,5.3,55.4,43.2,199.1,1012,77.1,9.7,135.6,11.8,5,,2016-03-19T07:18:51,2016-03-19T19:26:02,0.35,Partially cloudy,Partly cloudy throughout the day.,partly-cloudy-day,"35188099999,UACC"
"Астана, Қазақстан",2016-03-20,5.3,1,2.7,1.5,-4.7,-2.5,0,82.9,0,0,0,,0,2.6,54,39.6,191.4,1018.3,60.7,10,181.3,15.7,6,,2016-03-20T07:16:36,2016-03-20T19:27:42,0.39,Partially cloudy,Partly cloudy throughout the day.,partly-cloudy-day,"35188099999,UACC"
"Астана, Қазақстан",2016-03-21,5.4,-4,2.5,1.5,-12.7,-3,-0.9,78.9,0,0,0,,0,1.2,62.3,39.6,185.5,1012.2,73.4,9.1,188.5,16.3,7,,2016-03-21T07:14:21,2016-03-21T19:29:22,0.42,Partially cloudy,Partly cloudy throughout the day.,partly-cloudy-day,"35188099999,UACC"
"Астана, Қазақстан",2016-03-22,-1,-9,-4.7,-5.7,-15.3,-10.6,-9.2,71.8,2.8,100,8.33,snow,0,0.7,54,28.8,221.1,1027.2,42.7,9.9,206.4,17.9,7,,2016-03-22T07:12:05,2016-03-22T19:31:01,0.46,"Snow, Partially cloudy",Partly cloudy throughout the day with snow.,snow,"35188099999,UACC"
"Астана, Қазақстан",2016-03-23,3.8,-7,-1.5,0.5,-12,-5.5,-6.7,68.9,0,0,0,,0,0.8,31.3,25.2,88.6,1029.2,14.6,10,205.5,17.8,7,,2016-03-23T07:09:50,2016-03-23T19:32:41,0.5,Clear,Clear conditions throughout the day.,clear-day,"35188099999,UACC"
"Астана, Қазақстан",2016-03-24,4.9,-2,1.5,1.3,-8.5,-4.2,-2.8,73.9,0.5,100,4.17,"rain,snow",0.4,1.6,48.2,39.6,112.6,1016.7,92.7,9.8,75.5,6.5,3,,2016-03-24T07:07:35,2016-03-24T19:34:21,0.53,"Snow, Rain, Overcast",Cloudy skies throughout the day with afternoon rain or snow.,snow,"35188099999,UACC"
"Астана, Қазақстан",2016-03-25,3.9,-1,0.4,-0.5,-8.4,-5.6,-1.5,87.5,0.8,100,8.33,"rain,snow",0,0.4,61.2,36,247,1017.4,90.7,9.2,61.5,5.4,2,,2016-03-25T07:05:19,2016-03-25T19:36:00,0.56,"Snow, Rain, Overcast",Cloudy skies throughout the day with rain or snow.,rain,"35188099999,UACC"
"Астана, Қазақстан",2016-03-26,5.1,-6,-0.2,2.3,-10.7,-3.8,-2.8,84.2,0.1,100,4.17,"rain,snow",0,0.1,26.6,18,169.7,1030.5,48.4,8.7,209.4,18,7,,2016-03-26T07:03:04,2016-03-26T19:37:39,0.59,"Snow, Rain, Partially cloudy",Clearing in the afternoon with early morning snow or rain.,rain,"35188099999,UACC"
"Астана, Қазақстан",2016-03-27,6.3,-2,2.1,3.8,-6.7,-1.4,-2.4,72.9,0,0,0,,0,0.9,32.8,18,129.8,1022.1,74.6,10,196.8,16.8,7,,2016-03-27T07:00:49,2016-03-27T19:39:19,0.63,Partially cloudy,Partly cloudy throughout the day.,partly-cloudy-day,"35188099999,UACC"
"Астана, Қазақстан",2016-03-28,13,1,5.1,13,-3.1,3.1,2.7,84.9,1,100,4.17,rain,0,0.3,36,18,157.3,1008.3,91.7,9.8,78,6.7,5,,2016-03-28T06:58:34,2016-03-28T19:40:58,0.66,"Rain, Overcast",Cloudy skies throughout the day with afternoon rain.,rain,"35188099999,UACC"
"Астана, Қазақстан",2016-03-29,6.3,2,3.6,6.3,-1.8,1,3,96.1,3.4,100,8.33,rain,0,0.2,23.4,14.4,261.4,1010.2,99.3,4.2,54.3,4.8,2,,2016-03-29T06:56:19,2016-03-29T19:42:37,0.69,"Rain, Overcast",Cloudy skies throughout the day with rain.,rain,"35188099999,UACC"
"Астана, Қазақстан",2016-03-30,7.1,2,3.7,4.4,-0.6,1.3,3.1,95.7,0.5,100,8.33,rain,0,0.5,39.6,25.2,75.8,1016.6,98.6,4.5,62.3,5.4,2,,2016-03-30T06:54:04,2016-03-30T19:44:16,0.73,"Rain, Overcast",Cloudy skies throughout the day with rain.,rain,"35188099999,UACC"
"Астана, Қазақстан",2016-03-31,6.1,1,3.8,2.1,-4.6,-0.9,1.6,85.8,0,0,0,,0,0.6,50,36,102.2,1013.8,86.8,9.8,125.7,10.8,5,,2016-03-31T06:51:49,2016-03-31T19:45:55,0.75,Partially cloudy,Partly cloudy throughout the day.,partly-cloudy-day,"35188099999,UACC"
"Астана, Қазақстан",2016-04-01,11,3,5.7,11,-1.6,2.9,4.2,90.5,3.5,100,8.33,rain,0,0.4,46.8,28.8,149.6,1010.1,95.7,9.5,66.9,5.9,2,,2016-04-01T06:49:35,2016-04-01T19:47:34,0.79,"Rain, Overcast",Cloudy skies throughout the day with rain.,rain,"35188099999,UACC"
"Астана, Қазақстан",2016-04-02,5,2,3.3,1.3,-2.8,-1.1,1.9,90.5,6.8,100,8.33,rain,0,0.2,49.7,36,232.8,1011.9,96.5,9.5,96.8,8.5,3,,2016-04-02T06:47:21,2016-04-02T19:49:13,0.83,"Rain, Overcast",Cloudy skies throughout the day with rain.,rain,"35188099999,UACC"
"Астана, Қазақстан",2016-04-03,10,0.9,4.1,10,-4.2,0.8,2.2,87.4,2,100,4.17,rain,0,0.2,35.6,21.6,242.5,1018.6,82.2,9.8,135.9,11.7,6,,2016-04-03T06:45:07,2016-04-03T19:50:52,0.86,"Rain, Partially cloudy",Partly cloudy throughout the day with early morning rain.,rain,"35188099999,UACC"
"Астана, Қазақстан",2016-04-04,13.3,-2,6.4,13.3,-4.8,5.6,2.1,77.2,0,0,0,,0,0.3,18.7,14.4,144.3,1021,85.5,6.7,196.1,16.9,7,,2016-04-04T06:42:54,2016-04-04T19:52:31,0.89,Partially cloudy,Partly cloudy throughout the day.,partly-cloudy-day,"35188099999,UACC,remote"
"Астана, Қазақстан",2016-04-05,13.3,4,8.5,13.3,0.6,7.3,3.2,71.9,0,0,0,,0,0.3,38.9,36,136.5,1015.1,81.6,9.8,166.6,14.4,6,,2016-04-05T06:40:41,2016-04-05T19:54:10,0.93,Partially cloudy,Partly cloudy throughout the day.,partly-cloudy-day,"35188099999,UACC"
"Астана, Қазақстан",2016-04-06,10,1,5.2,10,-4.4,1.4,1.1,77,3,100,4.17,rain,0,0,57.6,39.6,212.7,1016.1,89.5,9.6,206.2,17.8,7,,2016-04-06T06:38:28,2016-04-06T19:55:48,0.96,"Rain, Partially cloudy",Partly cloudy throughout the day with afternoon rain.,rain,"35188099999,UACC"
"Астана, Қазақстан",2016-04-07,8,1,3.9,4.3,-3.1,0.1,1.5,84.5,0,0,0,,0,0,63.4,43.2,194.3,1013.5,89,9.8,154.3,13.2,4,,2016-04-07T06:36:16,2016-04-07T19:57:27,0,Partially cloudy,Partly cloudy throughout the day.,partly-cloudy-day,"35188099999,UACC"
"Астана, Қазақстан",2016-04-08,7,1,3.5,2,-4.6,-1.3,-1,74.4,2,100,4.17,"rain,snow",0,0,61.9,39.6,232.2,1012.1,91.3,9.9,189.6,16.2,7,,2016-04-08T06:34:04,2016-04-08T19:59:06,0.03,"Snow, Rain, Overcast",Cloudy skies throughout the day with early morning snow or rain.,rain,"35188099999,UACC"
"Астана, Қазақстан",2016-04-09,8,-1,3.3,4.9,-4.7,0.2,-0.3,79.4,0.8,100,8.33,"rain,snow",0,0,33.8,21.6,277.1,1018.9,87.6,9.2,187.8,16.2,6,,2016-04-09T06:31:53,2016-04-09T20:00:45,0.06,"Snow, Rain, Partially cloudy",Partly cloudy throughout the day with rain or snow.,rain,"35188099999,UACC"
"Астана, Қазақстан",2016-04-10,11,1,6.4,11,-3.7,3.5,0.9,71.2,0.1,100,4.17,rain,0,0,64.8,43.2,252.8,1021.8,85.9,9.7,174.8,15,6,,2016-04-10T06:29:42,2016-04-10T20:02:23,0.09,"Rain, Partially cloudy",Partly cloudy throughout the day with early morning rain.,rain,"35188099999,UACC"
"Астана, Қазақстан",2016-04-11,16,6,10.5,16,1.8,8.9,4.7,70.3,1,100,4.17,rain,0,0,50.4,36,257.4,1016.9,70.6,10,231.3,19.9,7,,2016-04-11T06:27:32,2016-04-11T20:04:02,0.13,"Rain, Partially cloudy",Partly cloudy throughout the day with early morning rain.,rain,"35188099999,UACC"
"Астана, Қазақстан",2016-04-12,17,4,10.3,17,0.1,8.7,2.8,63.9,0,0,0,,0,0,50.4,28.8,264.2,1015.3,43,10,243.6,21,8,,2016-04-12T06:25:23,2016-04-12T20:05:41,0.16,Partially cloudy,Partly cloudy throughout the day.,partly-cloudy-day,"35188099999,UACC"
"Астана, Қазақстан",2016-04-13,12,2,7,12,-1.2,5.5,-1.1,61.8,0.8,100,4.17,rain,0,0,31.3,18,15.4,1021.8,77.5,10,192.7,16.5,6,,2016-04-13T06:23:14,2016-04-13T20:07:20,0.2,"Rain, Partially cloudy",Partly cloudy throughout the day with afternoon rain.,rain,"35188099999,UACC"
"Астана, Қазақстан",2016-04-14,16.1,0,8.6,16.1,-2.5,7.9,-1.8,52.9,0,0,0,,0,0,24.5,14.4,176.2,1025.7,6.1,10,256.5,22.2,8,,2016-04-14T06:21:06,2016-04-14T20:08:58,0.25,Clear,Clear conditions throughout the day.,clear-day,"35188099999,UACC"
"Астана, Қазақстан",2016-04-15,20,2,11.2,20,-0.1,10.8,-0.2,50.4,0,0,0,,0,0,28.8,18,159.6,1026.2,72,10,239.2,20.7,7,,2016-04-15T06:18:58,2016-04-15T20:10:37,0.26,Partially cloudy,Partly cloudy throughout the day.,partly-cloudy-day,"35188099999,UACC"
"Астана, Қазақстан",2016-04-16,21,6,13.6,21,3.1,12.9,-1,41.9,0,0,0,,0,0,27,18,161.4,1017.9,59.1,10,259,22.4,8,,2016-04-16T06:16:51,2016-04-16T20:12:16,0.3,Partially cloudy,Partly cloudy throughout the day.,partly-cloudy-day,"35188099999,UACC"
"Астана, Қазақстан",2016-04-17,22,6.8,14.1,22,4.7,13.8,2.4,48.1,0,0,0,,0,0,36,21.6,27.8,1013,15.8,9.5,263.4,22.8,8,,2016-04-17T06:14:45,2016-04-17T20:13:54,0.33,Clear,Clear conditions throughout the day.,clear-day,"35188099999,UACC"
"Астана, Қазақстан",2016-04-18,24,6,15.3,24,3.7,14.7,4.5,54.3,0,0,0,,0,0,32.4,21.6,126.4,1014.9,24.8,10,265.8,23,8,,2016-04-18T06:12:40,2016-04-18T20:15:33,0.37,Partially cloudy,Partly cloudy throughout the day.,partly-cloudy-day,"35188099999,UACC"
"Астана, Қазақстан",2016-04-19,22,10,15.9,22,10,15.9,6.2,54.7,0,0,0,,0,0,54,36,207.6,1014.8,44.6,10,227.7,19.6,7,,2016-04-19T06:10:36,2016-04-19T20:17:11,0.4,Partially cloudy,Partly cloudy throughout the day.,partly-cloudy-day,"35188099999,UACC"
"Астана, Қазақстан",2016-04-20,21,7,13,21,4.9,12.5,6.3,68.1,0,0,0,,0,0,34.6,32.4,207.9,1016.1,59.2,10,182.9,15.7,6,,2016-04-20T06:08:32,2016-04-20T20:18:50,0.43,Partially cloudy,Partly cloudy throughout the day.,partly-cloudy-day,"35188099999,UACC"
"Астана, Қазақстан",2016-04-21,21.2,8,14.1,21.2,6.1,13.8,7.8,71,0,0,0,,0,0,50.4,39.6,213.4,1011.8,60.7,9.8,211.8,18.4,7,,2016-04-21T06:06:29,2016-04-21T20:20:28,0.47,Partially cloudy,Partly cloudy throughout the day.,partly-cloudy-day,"35188099999,UACC"
"Астана, Қазақстан",2016-04-22,16,8,11.6,16,5.1,10.8,8.8,83.4,13,100,8.33,rain,0,0,36.7,25.2,265.8,1012.9,79.2,9.6,118.5,10.2,3,,2016-04-22T06:04:28,2016-04-22T20:22:06,0.5,"Rain, Partially cloudy",Partly cloudy throughout the day with rain.,rain,"35188099999,UACC"
"Астана, Қазақстан",2016-04-23,22,8,15.4,22,6.6,15.2,7.3,63.9,0.6,100,4.17,rain,0,0,36,18,235.7,1014.3,33.3,9,241.5,20.9,7,,2016-04-23T06:02:27,2016-04-23T20:23:45,0.54,"Rain, Partially cloudy",Partly cloudy throughout the day with early morning rain.,rain,"35188099999,UACC"
"Астана, Қазақстан",2016-04-24,15.4,8,11.2,15.4,5.1,10.5,6,73.8,1,100,4.17,rain,0,0,33.5,18,317.6,1018.4,67.8,10,151.2,13.2,6,,2016-04-24T06:00:28,2016-04-24T20:25:23,0.57,"Rain, Partially cloudy",Partly cloudy throughout the day with afternoon rain.,rain,"35188099999,UACC"
"Астана, Қазақстан",2016-04-25,16.3,6.2,11.4,16.3,4,10.7,-1.4,47.2,1,100,4.17,rain,0,0,43.2,21.6,299.1,1022.9,7,10,280,24.2,8,,2016-04-25T05:58:29,2016-04-25T20:27:01,0.6,Rain,Clear conditions throughout the day with early morning rain.,rain,"35188099999,UACC"
"Астана, Қазақстан",2016-04-26,15.3,2.5,10.2,15.3,2.5,9.9,-1.6,47.8,0,0,0,,0,0,36,18,322.3,1022.2,56.9,9.9,260.1,22.6,7,,2016-04-26T05:56:31,2016-04-26T20:28:38,0.64,Partially cloudy,Partly cloudy throughout the day.,partly-cloudy-day,"35188099999,UACC"
"Астана, Қазақстан",2016-04-27,15,3,9.9,15,1,8.9,-1.9,47.8,0,0,0,,0,0,32.8,25.2,355.4,1017.3,64.2,10,217.6,18.9,6,,2016-04-27T05:54:35,2016-04-27T20:30:16,0.67,Partially cloudy,Partly cloudy throughout the day.,partly-cloudy-day,"35188099999,UACC"
"Астана, Қазақстан",2016-04-28,12,1.4,7.2,12,-1.3,5.4,-2,54.6,0,0,0,,0,0,24.5,25.2,27.7,1017.4,71.8,10,207.6,18,6,,2016-04-28T05:52:40,2016-04-28T20:31:53,0.71,Partially cloudy,Partly cloudy throughout the day.,partly-cloudy-day,"35188099999,UACC"
"Астана, Қазақстан",2016-04-29,13,1,8.1,13,-2.3,6.4,-3.2,50.1,0,0,0,,0,0,38.5,18,30.9,1022.5,40.3,10,267.8,23.2,8,,2016-04-29T05:50:46,2016-04-29T20:33:30,0.74,Partially cloudy,Partly cloudy throughout the day.,partly-cloudy-day,"35188099999,UACC"
"Астана, Қазақстан",2016-04-30,15.2,1.8,9.5,15.2,-0.4,8.8,-2.9,45.9,0,0,0,,0,0,24.5,14.4,74.6,1027.9,28.5,10,251.4,21.8,8,,2016-04-30T05:48:54,2016-04-30T20:35:07,0.75,Partially cloudy,Partly cloudy throughout the day.,partly-cloudy-day,"35188099999,UACC"
